Id,RollupTypeId,OrganisationId,ParentName
1,1,1,Royal Bank
2,1,2,Royal Bank
3,1,3,Royal Bank
4,1,4,Royal Bank
5,1,5,Royal Bank
6,1,6,Royal Bank
7,1,7,Royal Bank
8,1,8,Royal Bank
9,1,9,Royal Bank
10,1,10,Royal Bank
11,1,11,Royal Bank
12,1,12,Royal Bank
13,1,13,Royal Bank
14,1,14,Royal Bank
15,1,15,Royal Bank
16,1,16,Royal Bank
17,1,17,Royal Bank
18,1,18,Royal Bank
19,1,19,Royal Bank
20,1,20,Royal Bank
21,1,21,Royal Bank
22,1,22,Royal Bank
23,1,23,Royal Bank
24,1,24,Royal Bank
25,1,25,Royal Bank
26,1,26,Royal Bank
27,1,27,Royal Bank
28,1,28,Royal Bank
29,1,29,Royal Bank
30,1,30,Royal Bank
31,1,31,Royal Bank
32,1,32,Royal Bank
33,1,33,Royal Bank
34,1,34,Royal Bank
35,1,35,Royal Bank
36,1,36,Royal Bank
37,1,37,Royal Bank
38,1,38,Royal Bank
39,1,39,Royal Bank
40,1,40,Royal Bank
41,1,41,Royal Bank
42,1,42,Royal Bank
43,1,43,Royal Bank
44,1,44,Royal Bank
45,1,45,Royal Bank
46,1,46,Royal Bank
47,1,47,Royal Bank
48,1,48,Royal Bank
49,1,49,Royal Bank
50,1,50,Royal Bank
51,1,51,Royal Bank
52,1,52,Royal Bank
53,1,53,Royal Bank
54,1,54,Royal Bank
55,1,55,Royal Bank
56,1,56,Royal Bank
57,1,57,Royal Bank
58,1,58,Royal Bank
59,1,59,Royal Bank
60,1,60,Royal Bank
61,1,61,Royal Bank
62,1,62,Royal Bank
63,1,63,Royal Bank
64,1,64,Royal Bank
65,1,65,Royal Bank
66,1,66,Royal Bank
67,1,67,Royal Bank
68,1,68,Royal Bank
69,1,69,Royal Bank
70,1,70,Royal Bank
71,1,71,Royal Bank
72,1,72,Royal Bank
73,1,75,Direct Energy
74,1,76,Direct Energy
75,1,77,Royal Bank
76,1,78,Direct Energy
77,1,79,Direct Energy
78,1,80,Direct Energy
79,1,81,Direct Energy
80,1,82,Direct Energy
81,1,83,Direct Energy
82,1,84,360kids
83,1,85,Direct Energy
84,1,86,Direct Energy
85,1,91,United Church
86,1,92,Aliant Pioneers
87,1,96,United Church
88,1,105,United Church
89,1,107,United Church
90,1,110,United Church
91,1,113,United Church
92,1,118,TTC day of sales
93,1,119,TTC day of sales
94,1,122,United Church
95,1,124,Boys & Girls Club
96,1,125,United Church
97,1,141,CMHC
98,1,142,Canadian Diabetes Assoc.
99,1,151,United Church
100,1,159,Boys & Girls Club
101,1,163,United Church
102,1,165,City of Toronto
103,1,175,Commisso's
104,1,179,YMCA
105,1,182,Direct Energy
106,1,187,United Church
107,1,195,Raising the Roof
108,1,199,United Church
109,1,202,Direct Energy
110,1,203,Raising the Roof
111,1,208,Raising the Roof
112,1,209,United Church
113,1,215,United Church
114,1,216,TTC day of sales
115,1,217,TTC day of sales
116,1,219,United Church
117,1,222,United Church
118,1,223,TTC day of sales
119,1,224,TTC day of sales
120,1,225,United Church
121,1,227,Home Depot
122,1,230,United Church
123,1,234,United Church
124,1,235,United Church
125,1,236,United Church
126,1,238,TTC day of sales
127,1,243,TTC day of sales
128,1,244,TTC day of sales
129,1,246,United Church
130,1,247,United Church
131,1,249,United Church
132,1,254,Direct Energy
133,1,258,United Church
134,1,259,United Church
135,1,265,Direct Energy
136,1,267,United Church
137,1,268,United Church
138,1,279,United Church
139,1,287,United Church
140,1,291,United Church
141,1,295,Home Depot
142,1,306,HRDC
143,1,308,HRDC
144,1,310,United Church
145,1,333,Raising the Roof
146,1,337,United Church
147,1,338,United Church
148,1,339,TTC day of sales
149,1,341,United Church
150,1,343,United Church
151,1,344,TTC day of sales
152,1,345,TTC day of sales
153,1,348,United Church
154,1,353,United Church
155,1,355,United Church
156,1,356,Royal Bank
157,1,358,United Church
158,1,372,Raising the Roof
159,1,377,United Church
160,1,389,Web-Phone
161,1,406,Web-Phone
162,1,407,Web-Phone
163,1,408,Web-Phone
164,1,414,Web-Phone
165,1,432,Web-Phone
166,1,442,Web-Phone
167,1,451,Web-Phone
168,1,464,Web-Phone
169,1,473,Web-Phone
170,1,477,Web-Phone
171,1,479,Web-Phone
172,1,500,Web-Phone
173,1,512,Web-Phone
174,1,515,Direct Energy
175,1,523,Web-Phone
176,1,536,Web-Phone
177,1,538,Web-Phone
178,1,541,Web-Phone
179,1,564,Web-Phone
180,1,567,Web-Phone
181,1,572,Web-Phone
182,1,617,Web-Phone
183,1,625,Web-Phone
184,1,651,Web-Phone
185,1,655,Web-Phone
186,1,680,Web-Phone
187,1,683,Web-Phone
188,1,694,Web-Phone
189,1,707,Raising the Roof
190,1,714,Web-Phone
191,1,720,Web-Phone
192,1,725,Web-Phone
193,1,733,Web-Phone
194,1,735,Web-Phone
195,1,740,Web-Phone
196,1,756,Web-Phone
197,1,757,Web-Phone
198,1,764,Web-Phone
199,1,770,Web-Phone
200,1,771,Web-Phone
201,1,785,Web-Phone
202,1,825,Web-Phone
203,1,834,Web-Phone
204,1,836,Web-Phone
205,1,853,Web-Phone
206,1,862,Web-Phone
207,1,867,Web-Phone
208,1,869,Web-Phone
209,1,872,Web-Phone
210,1,901,Web-Phone
211,1,918,Web-Phone
212,1,924,Web-Phone
213,1,925,Web-Phone
214,1,928,Web-Phone
215,1,968,Web-Phone
216,1,977,Web-Phone
217,1,994,Web-Phone
218,1,1000,Web-Phone
219,1,1016,Web-Phone
220,1,1023,Web-Phone
221,1,1036,Web-Phone
222,1,1043,Web-Phone
223,1,1051,Web-Phone
224,1,1076,Web-Phone
225,1,1078,Web-Phone
226,1,1100,Web-Phone
227,1,1101,Web-Phone
228,1,1104,Web-Phone
229,1,1126,Web-Phone
230,1,1131,Web-Phone
231,1,1141,Web-Phone
232,1,1142,Web-Phone
233,1,1148,Web-Phone
234,1,1150,Web-Phone
235,1,1152,Web-Phone
236,1,1166,Web-Phone
237,1,1168,Web-Phone
238,1,1170,Web-Phone
239,1,1181,Web-Phone
240,1,1183,Web-Phone
241,1,1226,Web-Phone
242,1,1238,Web-Phone
243,1,1245,Web-Phone
244,1,1256,Web-Phone
245,1,1263,Web-Phone
246,1,1277,Web-Phone
247,1,1284,Web-Phone
248,1,1298,Web-Phone
249,1,1305,Web-Phone
250,1,1312,Web-Phone
251,1,1313,Web-Phone
252,1,1314,Web-Phone
253,1,1315,Web-Phone
254,1,1325,Web-Phone
255,1,1329,Web-Phone
256,1,1339,Web-Phone
257,1,1342,Web-Phone
258,1,1353,Web-Phone
259,1,1365,Web-Phone
260,1,1369,Web-Phone
261,1,1372,Web-Phone
262,1,1377,Web-Phone
263,1,1379,Web-Phone
264,1,1387,Web-Phone
265,1,1399,Web-Phone
266,1,1404,Web-Phone
267,1,1407,Web-Phone
268,1,1412,Web-Phone
269,1,1425,Web-Phone
270,1,1429,Web-Phone
271,1,1437,Web-Phone
272,1,1442,Web-Phone
273,1,1443,Web-Phone
274,1,1445,Web-Phone
275,1,1446,Web-Phone
276,1,1466,Web-Phone
277,1,1473,Web-Phone
278,1,1477,Web-Phone
279,1,1491,Web-Phone
280,1,1501,Web-Phone
281,1,1508,Web-Phone
282,1,1512,Web-Phone
283,1,1517,Web-Phone
284,1,1518,Web-Phone
285,1,1522,Web-Phone
286,1,1528,Web-Phone
287,1,1543,Web-Phone
288,1,1558,Web-Phone
289,1,1565,Web-Phone
290,1,1583,Web-Phone
291,1,1630,Web-Phone
292,1,1632,Web-Phone
293,1,1645,Web-Phone
294,1,1647,Web-Phone
295,1,1670,Web-Phone
296,1,1671,Web-Phone
297,1,1673,Web-Phone
298,1,1695,Web-Phone
299,1,1703,Web-Phone
300,1,1708,Web-Phone
301,1,1714,Web-Phone
302,1,1716,Web-Phone
303,1,1723,Web-Phone
304,1,1732,Web-Phone
305,1,1739,Web-Phone
306,1,1765,Raising the Roof
307,1,1769,United Church
308,1,1772,United Church
309,1,1801,United Church
310,1,1811,United Church
311,1,1817,United Church
312,1,1819,United Church
313,1,1820,United Church
314,1,1821,United Church
315,1,1823,NSCC
316,1,1824,NSCC
317,1,1825,NSCC
318,1,1826,NSCC
319,1,1827,NSCC
320,1,1828,NSCC
321,1,1829,NSCC
322,1,1830,NSCC
323,1,1831,NSCC
324,1,1841,United Church
325,1,1842,United Church
326,1,1843,TTC day of sales
327,1,1844,TTC day of sales
328,1,1858,Raising the Roof
329,1,1863,United Church
330,1,1873,Direct Energy
331,1,1876,TTC day of sales
332,1,1877,TTC day of sales
333,1,1878,TTC day of sales
334,1,1883,Royal Bank
335,1,1884,Royal Bank
336,1,1885,Royal Bank
337,1,1886,Royal Bank
338,1,1887,Royal Bank
339,1,1888,Royal Bank
340,1,1889,Royal Bank
341,1,1890,Royal Bank
342,1,1891,Royal Bank
343,1,1892,Royal Bank
344,1,1893,Royal Bank
345,1,1894,Royal Bank
346,1,1895,Royal Bank
347,1,1896,Royal Bank
348,1,1897,Royal Bank
349,1,1898,Royal Bank
350,1,1899,Royal Bank
351,1,1900,Royal Bank
352,1,1901,Royal Bank
353,1,1902,Royal Bank
354,1,1903,Royal Bank
355,1,1904,Royal Bank
356,1,1905,Royal Bank
357,1,1906,Royal Bank
358,1,1907,Royal Bank
359,1,1913,Direct Energy
360,1,1914,United Church
361,1,1918,Royal Bank
362,1,1920,United Church
363,1,1922,Raising the Roof
364,1,1951,TTC day of sales
365,1,1952,TTC day of sales
366,1,1956,Raising the Roof
367,1,1967,TTC day of sales
368,1,1970,TTC day of sales
369,1,1974,United Church
370,1,1975,United Church
371,1,1980,United Church
372,1,1984,TTC day of sales
373,1,1985,TTC day of sales
374,1,1991,United Church
375,1,1992,United Church
376,1,1993,United Church
377,1,1994,United Church
378,1,1995,United Church
379,1,2001,Royal Bank
380,1,2003,Raising the Roof
381,1,2014,Home Depot
382,1,2016,United Church
383,1,2026,United Church
384,1,2028,United Church
385,1,2030,United Church
386,1,2032,United Church
387,1,2041,United Church
388,1,2042,Toronto Community Housing Corporation
389,1,2045,Direct Energy
390,1,2050,United Church
391,1,2056,United Church
392,1,2058,United Church
393,1,2060,United Church
394,1,2063,United Church
395,1,2064,United Church
396,1,2079,Walmart
397,1,2080,Walmart
398,1,2081,Walmart
399,1,2082,Walmart
400,1,2083,Wartsilia
401,1,2088,United Church
402,1,2091,United Church
403,1,2092,TTC day of sales
404,1,2093,TTC day of sales
405,1,2096,United Church
406,1,2106,United Church
407,1,2114,YWCA
408,1,2115,YWCA
409,1,2116,YWCA
410,1,2117,YWCA
